[
   
        {
          "id": 1,
          "name": "Pancakes",
          "price": 5.99,
          "description": "Fluffy pancakes served with syrup and butter.",
          "category": "breakfast",
          "set": "all",
          "image": "https://www.allrecipes.com/thmb/WqWggh6NwG-r8PoeA3OfW908FUY=/1500x0/filters:no_upscale():max_bytes(150000):strip_icc()/21014-Good-old-Fashioned-Pancakes-mfs_001-1fa26bcdedc345f182537d95b6cf92d8.jpg"
        },
        {
          "id": 2,
          "name": "Omelette",
          "price": 6.99,
          "description": "Three-egg omelette with your choice of cheese, ham, or veggies.",
          "category": "breakfast",
          "set": "all",
          "image": "https://t3.ftcdn.net/jpg/07/15/86/22/360_F_715862236_VHJPf0EQsXpxSaoMJKOlkqfDSWlkMTZW.jpg"
        },
        {
          "id": 3,
          "name": "French Toast",
          "price": 6.49,
          "description": "Golden French toast dusted with powdered sugar, served with fresh fruit.",
          "category": "breakfast",
          "set": "all",
          "image": "https://cdn.apartmenttherapy.info/image/upload/f_jpg,q_auto:eco,c_fill,g_auto,w_1500,ar_1:1/k%2FPhoto%2FRecipes%2F2024-04-french-toast%2Ffrench-toast-COMP"
        }
      ,
      
        {
          "id": 4,
          "name": "Grilled Chicken Sandwich",
          "price": 8.99,
          "description": "Grilled chicken breast with lettuce, tomato, and mayo on a brioche bun.",
          "category": "lunch",
          "set": "all",
          "image": "https://easychickenrecipes.com/wp-content/uploads/2023/06/grilled-chicken-sandwich-1-of-6-edited.jpg"
        },
        {
          "id": 5,
          "name": "Caesar Salad",
          "price": 7.99,
          "description": "Crisp romaine lettuce with Caesar dressing, parmesan cheese, and croutons.",
          "category": "lunch",
          "set": "all",
          "image": "https://thumbs.dreamstime.com/b/chicken-caesar-salad-delicious-parmesan-cheese-dressing-croutons-115376441.jpg"
        },
        {
          "id": 6,
          "name": "Cheeseburger",
          "price": 9.49,
          "description": "Juicy beef patty with cheddar cheese, lettuce, tomato, and pickles.",
          "category": "lunch","set": "all",
          "image": "https://cdn.pixabay.com/photo/2024/04/26/05/52/cheeseburger-8721189_1280.png"
        }
      ,
      
        {
          "id": 7,
          "name": "Grilled Salmon",
          "price": 14.99,
          "description": "Grilled salmon fillet served with roasted vegetables and rice.",
          "category": "dinner",
          "set": "all",
          "image": "https://plus.unsplash.com/premium_photo-1723478417559-2349252a3dda?fm=jpg&q=60&w=3000&ixlib=rb-4.0.3&ixid=M3wxMjA3fDB8MHxzZWFyY2h8MXx8Z3JpbGxlZCUyMHNhbG1vbnxlbnwwfHwwfHx8MA%3D%3D"
        },
        {
          "id": 8,
          "name": "Steak",
          "price": 19.99,
          "description": "Tender ribeye steak cooked to perfection, served with mashed potatoes.",
          "category": "dinner",
          "set": "all",
          "image": "https://media.istockphoto.com/id/535786572/photo/grilled-striploin-steak.jpg?s=612x612&w=0&k=20&c=F_vrvwIOWe3vBR2y16Dp4z6d46K1sIY3togU3VYjrpA="
        },
        {
          "id": 9,
          "name": "Vegetarian Pasta",
          "price": 12.99,
          "description": "Penne pasta with seasonal vegetables and a light tomato sauce.",
          "category": "dinner",
          "set": "all",
          "image": "https://www.budgetbytes.com/wp-content/uploads/2021/10/One-Pot-Veggie-Pasta-bowl.jpg"
        }
]
    

  